Numero;Mensaje
1;"Â¡Descubre el mundo mÃ¡gico detrÃ¡s de Power Platform de Microsoft! ğŸ‰ Todo funciona gracias a Azure, y @Eickhel y @davidjrh nos mostrarÃ¡n cÃ³mo en #GlobalAzure2024. Â¡Te esperamos! ğŸ˜ğŸ‘"
2;"Â¿Quieres aprender a integrar modelos LLM en tu app .NET? ğŸ¤“ @luismanez y @olgaamarti te enseÃ±arÃ¡n a hacerlo con Semantic Kernel en #GlobalAzure2024. Â¡Vamos, no te lo pierdas! ğŸš€ğŸ˜Š"
3;"Â¡AtenciÃ³n, hackers! ğŸ˜ @kinomakino nos mostrarÃ¡ cÃ³mo hackear servicios de Azure en #GlobalAzure2024. Â¡PrepÃ¡rate para una sesiÃ³n llena de acciÃ³n! ğŸ’»ğŸ©"
4;"Â¡Bienvenidos a la nueva era de la seguridad cloud! ğŸ›¡ï¸ @jmfloreszazo nos desvelarÃ¡ todo sobre Confidential Computing en Azure en #GlobalAzure2024. Â¡No faltes! ğŸŒğŸ˜‰"
5;"Â¿Quieres conocer todo sobre Azure Stack HCI? @darifer66 nos hablarÃ¡ de sus beneficios, uso, implementaciÃ³n y mÃ¡s en #GlobalAzure2024. Â¡Te esperamos! ğŸ™ŒğŸš€"
6;"Â¿Quieres aprender a montar el ciclo de vida de Azure Logic App en un entorno privado? @aldodfm nos enseÃ±arÃ¡ cÃ³mo hacerlo en #GlobalAzure2024. Â¡No te lo puedes perder! ğŸ‘ğŸ‘¨â€ğŸ’»"
7;"Â¡La Ã©tica en la generaciÃ³n de contenidos sintÃ©ticos es crucial! ğŸ¤” @dvdfernandez y @heroescert nos hablarÃ¡n de ello en #GlobalAzure2024. Â¡AcompÃ¡Ã±anos! ğŸ™ŒğŸŒ"
8;"Â¿Quieres dar contexto a tus datos? ğŸ¤” @ivan_arribas nos mostrarÃ¡ cÃ³mo hacerlo con Azure Open AI en #GlobalAzure2024. Â¡Te esperamos! ğŸ‘ğŸ˜"
9;"Â¡Aprende sobre el balanceo multiregiÃ³n en Azure con @dzapic0 en #GlobalAzure2024! Te esperamos para descubrir juntos la nueva soluciÃ³n 'Azure cross-region Load Balancer'. ğŸŒğŸ’»"
10;"Â¡Maximiza tus datos con Azure Databricks y Power BI! @GranadosJD nos mostrarÃ¡ cÃ³mo hacerlo en #GlobalAzure2024. Â¡No te lo puedes perder! ğŸ“ŠğŸš€"
11;"Â¿Quieres aprender sobre Helm y Kubernetes? ğŸ¤“ @leomicheloni nos enseÃ±arÃ¡ todo sobre ello en #GlobalAzure2024. Â¡Te esperamos! ğŸ’»ğŸ‘"
12;"Â¡Descubre cÃ³mo escalar y extender tus apps con Azure y Power Platform! @cjsosam nos mostrarÃ¡ cÃ³mo hacerlo en #GlobalAzure2024. Â¡No faltes! ğŸš€ğŸ˜Š"
13;"Â¿Quieres conocer mÃ¡s sobre Azure Container Apps? @saintwukong y @sparraguerra te esperan en #GlobalAzure2024 para explorar juntos este tema. Â¡AcompÃ¡Ã±anos! ğŸŒğŸ’»"
14;"Â¡Descubre cÃ³mo AI estÃ¡ ayudando a resolver amenazas de seguridad! @clairodorneles y @edukieling te lo mostrarÃ¡n en #GlobalAzure2024. Â¡No te lo pierdas! ğŸš€ğŸ”’"
15;"Â¿Quieres conocer mÃ¡s sobre la Inteligencia Artificial generativa? @mrcabellom nos enseÃ±arÃ¡ todo sobre ello en #GlobalAzure2024. Â¡Te esperamos! ğŸ¤–ğŸ‘"
16;"Aprende todo sobre Azure API Management con @dzapic0 en #GlobalAzure2024. Â¡Descubre cÃ³mo puede aportar valor a tu organizaciÃ³n! ğŸŒğŸš€"
17;"Â¡La responsabilidad es un pilar en todo proyecto de IA! @javiarmesto nos hablarÃ¡ de ello en #GlobalAzure2024. Â¡AcompÃ¡Ã±anos! ğŸ¤–ğŸ™Œ"
18;"Â¿Quieres aprender a crear imÃ¡genes cerebrales artificialmente? @javierpallo te mostrarÃ¡ cÃ³mo hacerlo en #GlobalAzure2024. Â¡No te lo pierdas! ğŸ§ ğŸ’»"
19;"Â¡Descubre cÃ³mo conseguir una nube adaptable con Azure! @diazantuna nos mostrarÃ¡ cÃ³mo hacerlo en #GlobalAzure2024. Â¡Te esperamos! ğŸŒğŸš€"
20;"Â¡Descubre el poder de GPT-4 Turbo for Vision en Azure OpenAI! @ppiova te mostrarÃ¡ todo sobre ello en #GlobalAzure2024. Â¡No faltes! ğŸ‘ï¸ğŸš€"
21;"Â¡Aprende a proteger tus recursos de Azure! @snavarropino y @alexmiravet te mostrarÃ¡n cÃ³mo hacerlo en #GlobalAzure2024. Â¡Te esperamos! ğŸ”’ğŸ’»"
22;"Â¿Quieres conocer mÃ¡s sobre Ansible, Bicep, y Terraform? @YuryVaskow te mostrarÃ¡ todo sobre ello en #GlobalAzure2024. Â¡No faltes! ğŸš€ğŸ‘"
23;"Â¡Descubre todo sobre CosmosDb, el servicio de base de datos en Azure! @rsciriano te mostrarÃ¡ todo sobre ello en #GlobalAzure2024. Â¡No te lo pierdas! ğŸŒğŸš€"
24;"Â¡Documentar tus desarrollos de Power BI nunca fue tan fÃ¡cil! Mar Lizana y @adriandiaz81 te mostrarÃ¡n cÃ³mo hacerlo con OpenAI en #GlobalAzure2024. Â¡Te esperamos! ğŸ“ğŸ’»"
25;"Â¡Descubre cÃ³mo desarrollar soluciones chat profesionales con Azure! @alejandrolmeida y @David_Oliva_85 nos mostrarÃ¡n cÃ³mo en #GlobalAzure2024. Â¡No te lo puedes perder! ğŸ’¬ğŸš€"
26;"Â¡Vamos a explorar el ecosistema Power BI y las nuevas arquitecturas de Datos en la nube con @rpertusa y @miguelEgea en #GlobalAzure2024! ğŸ‰ğŸ“Š Â¡PrepÃ¡rate para un viaje desde 0 hasta el Lakehouse! ğŸš€"
27;"Â¡Descubre los patrones formales de arquitecturas para construir soluciones complejas y escalables con las inteligencias artificiales generativas! ğŸ¤–ğŸ§  Con @rliberoff y @pirisborja en #GlobalAzure2024. Â¡No te lo pierdas! ğŸ¯âœ¨"
28;"Â¡@hyperher nos lleva de level 300 a 400 en el mundo de las identidades en las empresas en #GlobalAzure2024! ğŸ‰ğŸ” Aprende sobre ataques, protecciones y cÃ³mo conseguir un escenario passworless 360. Â¡Vamos allÃ¡! ğŸš€ğŸ‘"
29;"Â¡Aprende a crear aplicaciones nativas en la nube utilizando .NET 8 y .NET Aspire con @emimontesdeocaa en #GlobalAzure2024! ğŸŒğŸ’» PrepÃ¡rate para desarrollar aplicaciones escalables, resilientes y de alto rendimiento en Azure. Â¡Vamos a por ello! ğŸš€ğŸ”¥"
30;"Â¡Descubre el futuro de la IA con @joslat en #GlobalAzure2024! ğŸ¤–â© Vamos a entender los conceptos a travÃ©s de prÃ¡cticas y cÃ³digo que te dejarÃ¡n asombrado. Â¡Nos vemos allÃ­! ğŸ‘€ğŸš€"
31;"Â¡Aprende cÃ³mo desplegar Spatial Analytics en un dispositivo IoT con @JrgPerona y Javier Estaca en #GlobalAzure2024! ğŸš€ğŸ”§ Descubre cÃ³mo gestionar una Rasperri PI con Azure ARC. Â¡No te lo pierdas! ğŸ˜‰ğŸ‰"
32;"Â¿Listo para explorar el mundo de la computaciÃ³n cuÃ¡ntica con @ratocego y AnalÂ¡a MartÂ¡n en #GlobalAzure2024? ğŸŒğŸ’« Â¡Aprende de una forma sencilla y haz tus primeros pasos en Q#! Â¡Nos vemos allÃ­! ğŸš€ğŸ‰"
33;"Â¡Descubre cÃ³mo Microsoft Defender for DevOps se integra con las plataformas de Azure DevOps y GitHub con Santiago Macias Rodriguez en #GlobalAzure2024! ğŸ›¡ï¸ğŸ’» Â¡Aprende a crear pipelines y visualizar la postura de seguridad de tus aplicaciones! ğŸš€ğŸ‘"
34;"Â¡SumÃ©rgete bajo el iceberg de las herramientas de OpenAI con Javier Chico y Urko Nieto Margalli en #GlobalAzure2024! ğŸš€ğŸ› ï¸ Descubre cÃ³mo estas herramientas pueden salvar mÃ¡s de una situaciÃ³n. Â¡Vamos allÃ¡! ğŸ‰ğŸ‘€"
35;"Â¡Descubre el mundo de los microcontroladores y microprocesadores con @pepLluisbano en #GlobalAzure2024! ğŸ›ï¸ğŸ’» Aprende a programarlos usando C# y entiende sus ventajas y desventajas. Â¡Nos vemos allÃ­! ğŸš€ğŸ‘"
36;"Â¡Aprende cÃ³mo las aplicaciones .Net desplegadas en Kubernetes pueden ser un Ã©xito con @JorgeTurrado en #GlobalAzure2024! ğŸš€ğŸ’» Descubre las buenas prÃ¡cticas que debes seguir. Â¡No te lo pierdas! ğŸ˜‰ğŸ‰"
37;"Â¡Descubre cÃ³mo el Copilot de Microsoft para Azure puede ser tu mejor aliado con @adiazcan en #GlobalAzure2024! ğŸš€ğŸ§  Â¡PrepÃ¡rate para subir de nivel tu juego en Azure! Â¡Nos vemos allÃ­! ğŸ‰ğŸ‘"
38;"Â¡Aprende a ejecutar tus pruebas de carga en Azure Load Testing con @lfraile y @_unaizc_ en #GlobalAzure2024! ğŸš€ğŸ”§ Descubre cÃ³mo automatizar su lanzamiento con GitHub Actions. Â¡No te lo pierdas! ğŸ˜‰ğŸ‰"
39;"Â¡Descubre cÃ³mo gestionar el CI/CD en Power Platform gobernado desde Azure con @Mar_llambi en #GlobalAzure2024! ğŸš€ğŸ’» Aprende sobre la planificaciÃ³n, el diseÃ±o, la automatizaciÃ³n de testing y mÃ¡s. Â¡Vamos allÃ¡! ğŸ‰ğŸ‘"
40;"Â¡Descubre cÃ³mo Pulumi puede ayudarte a aplicar IaC con @msanjuan en #GlobalAzure2024! ğŸš€ğŸ”§ Aprende a gestionar tu infraestructura en Azure de una forma mÃ¡s cercana al mundo DEV. Â¡Nos vemos allÃ­! ğŸ‰ğŸ‘"
41;"Â¡Aprende a usar Cosmos de manera eficiente y rentable con @adriandiaz81 y @robertbemejo en #GlobalAzure2024! ğŸš€ğŸ’° Descubre todas las posibilidades que este servicio tiene para ofrecer. Â¡No te lo pierdas! ğŸ˜‰ğŸ‰"
