FirstName;LastName;Twitter
Pablo Angel;Piovano;https://twitter.com/ppiova
Sergio;Parra Guerra;https://twitter.com/sparraguerra
Jose Luis;Latorre Millas;https://twitter.com/joslat
Yury;Vaskow;
David;Fern ndez de Frutos;https://twitter.com/dvdfernandez
Miguel;Hern ndez;https://twitter.com/hyperher
Roberto;Sanz;https://twitter.com/rsciriano
Paulo;Dias;https://twitter.com/ratocego
Aldo;de Feo;https://twitter.com/aldodfm
Javier;Chico;
Jorge;Turrado;https://twitter.com/JorgeTurrado
David;Oliva;https://twitter.com/David_Oliva_85
Javier;Estaca;
Santiago;Porras Rodr¡guez;https://twitter.com/saintwukong
Julio;Granados;https://twitter.com/GranadosJD
David;Rivera Fernandez;https://twitter.com/darifer66
Luis;Fraile;https://twitter.com/lfraile
Eickhel;Mendoza;https://twitter.com/Eickhel
Javier;Armesto;https://twitter.com/javiarmesto
Urko;Nieto Margalli;
Alberto;Diaz Martin;https://twitter.com/adiazcan
Pep;Lluis;https://twitter.com/pepLluisbano
Adrian;Diaz Cervera;https://twitter.com/adriandiaz81
Juan Jose; Diaz Antu¤a;https://twitter.com/diazantuna
Fernando;Escolar;https://twitter.com/fernandoescolar
Santiago;Macias Rodriguez;
Jose Maria;Flores Zazo;https://twitter.com/jmfloreszazo
David;Rodriguez;http://twitter.com/davidjrh
David;Carrasco;https://www.twitter.com/heroescert
Jorge;Perona Puro;https://twitter.com/JrgPerona
Clairo;Dorneles;https://twitter.com/clairodorneles
Diego;Zapico ;https://twitter.com/dzapic0
Alejandro;Garcia Miravet;https://twitter.com/alexmiravet
Ivan;Arribas;https://twitter.com/ivan_arribas
Rodrigo;Liberoff;https://twitter.com/rliberoff
Mar;Llamb¡;https://twitter.com/Mar_llambi
Unai;Zorrilla Castro;http://twitter.com/_unaizc_
Miguel;Egea G¢mez;https://twitter.com/miguelEgea
Carlos Javier;Sosa Marquina;https://twitter.com/cjsosam
Anal¡a;Mart¡n;
Javier;Menendez Pallo;https://twitter.com/javierpallo
Eduardo;Kieling;https://twitter.com/edukieling
Mario;Cabrero;
Adria;Belmonte;
Emiliano;Montesdeoca;https://twitter.com/emimontesdeocaa
Leonardo;Micheloni;https://twitter.com/leomicheloni
Robert;Bermejo;https://twitter.com/robertbemejo
Borja;Piris de Castro;https://twitter.com/pirisborja
Alejandro;Almeida;https://twitter.com/alejandrolmeida
Olga;Mart¡;https://twitter.com/olgaamarti
Mar;Lizana;
Sergio;Navarro Pino;https://twitter.com/snavarropino
Luis;Ma¤ez;https://twitter.com/luismanez
Rodrigo;Cabello;https://twitter.com/mrcabellom
Modesto;San Juan;https://twitter.com/msanjuan
Ruben;Pertusa Lopez;https://twitter.com/rpertusa
Joaquin;Molina;https://twitter.com/kinomakino